{"meta": {"version": "7.3.1", "timestamp": "2023-09-13T01:42:14.249845", "branch_coverage": true, "show_contexts": false}, "files": {"src/pytest_sort/__init__.py": {"executed_lines": [1], "summary": {"covered_lines": 0, "num_statements": 0, "percent_covered": 100.0, "percent_covered_display": "100", "missing_lines": 0, "excluded_lines": 0, "num_branches": 0, "num_partial_branches": 0, "covered_branches": 0, "missing_branches": 0}, "missing_lines": [], "excluded_lines": [], "executed_branches": [], "missing_branches": []}, "src/pytest_sort/config.py": {"executed_lines": [1, 3, 5, 6, 7, 9, 11, 14, 15, 17, 20, 25, 26, 28, 29, 30, 31, 32, 33, 35, 37, 39, 40, 41, 42, 43, 45, 46, 48, 49, 50, 51, 53, 54, 56, 57, 59, 62, 63, 64, 65, 68, 70, 71, 72, 73, 76, 78, 79, 80, 83, 84, 85, 88, 90, 91, 92, 93, 95, 96, 98, 100, 101, 102, 103, 105, 106, 107, 108, 109, 110, 111, 113, 114, 115, 116, 117, 119, 120, 125, 129, 130, 132, 133, 135, 136, 138, 139, 141, 142, 144, 145, 147, 148, 150], "summary": {"covered_lines": 93, "num_statements": 101, "percent_covered": 90.64748201438849, "percent_covered_display": "91", "missing_lines": 8, "excluded_lines": 0, "num_branches": 38, "num_partial_branches": 5, "covered_branches": 33, "missing_branches": 5}, "missing_lines": [12, 60, 66, 67, 74, 75, 86, 87], "excluded_lines": [], "executed_branches": [[11, 14], [59, -45], [65, 68], [73, 76], [83, 84], [83, 85], [85, 88], [92, 93], [92, 95], [95, 96], [95, 98], [100, 101], [100, 102], [102, -90], [102, 103], [108, 109], [108, 111], [116, -113], [116, 117], [129, 130], [129, 132], [132, 133], [132, 135], [135, 136], [135, 138], [138, 139], [138, 141], [141, 142], [141, 144], [144, 145], [144, 147], [147, 148], [147, 150]], "missing_branches": [[11, 12], [59, 60], [65, 66], [73, 74], [85, 86]]}, "src/pytest_sort/core.py": {"executed_lines": [1, 3, 5, 6, 7, 8, 9, 11, 12, 14, 15, 17, 18, 22, 26, 28, 29, 31, 32, 34, 37, 39, 40, 42, 43, 45, 48, 50, 51, 53, 54, 59, 61, 62, 64, 65, 70, 79, 88, 90, 93, 102, 108, 109, 111, 112, 113, 114, 115, 118, 124, 125, 127, 128, 129, 130, 131, 133, 134, 135, 137, 140, 147, 148, 149, 150, 152, 154, 155, 157, 158, 160, 161, 163, 164, 165, 166, 167, 169, 170, 172, 175, 180, 182, 184, 185, 187, 188, 189, 191, 194, 196, 197, 198, 201, 203, 204, 206, 207, 209, 210, 212, 214, 215, 218, 220, 221, 223, 224, 226, 230, 234, 235, 236, 237, 238, 239, 240, 246, 248, 249, 250, 251, 252, 253], "summary": {"covered_lines": 124, "num_statements": 128, "percent_covered": 95.6989247311828, "percent_covered_display": "96", "missing_lines": 4, "excluded_lines": 0, "num_branches": 58, "num_partial_branches": 4, "covered_branches": 54, "missing_branches": 4}, "missing_lines": [19, 23, 56, 67], "excluded_lines": [], "executed_branches": [[18, 22], [22, 26], [28, 29], [28, 31], [31, 32], [31, 34], [39, 40], [39, 42], [42, 43], [42, 45], [50, 51], [50, 53], [53, 54], [61, 62], [61, 64], [64, 65], [70, -70], [70, 70], [70, 79], [79, -79], [79, 79], [79, 88], [90, -90], [90, -88], [90, 90], [93, -93], [93, 93], [93, 102], [133, 134], [133, 137], [154, 155], [154, 157], [157, 158], [157, 160], [160, 161], [160, 172], [163, 164], [163, 165], [165, 166], [165, 169], [188, 189], [188, 191], [203, 204], [203, 206], [206, 207], [206, 209], [209, 210], [209, 212], [214, -201], [214, 215], [220, -220], [220, 220], [220, 221], [223, -223], [223, 223], [223, 224], [234, -218], [234, 235], [250, -246], [250, 251]], "missing_branches": [[18, 19], [22, 23], [53, 56], [64, 67]]}, "src/pytest_sort/database.py": {"executed_lines": [1, 3, 5, 6, 7, 9, 11, 12, 15, 16, 18, 19, 20, 21, 22, 25, 28, 29, 30, 31, 32, 33, 34, 35, 36, 37, 38, 40, 43, 44, 46, 47, 48, 51, 52, 53, 55, 56, 57, 59, 60, 61, 62, 63, 64, 65, 66, 67, 70, 71, 72, 74, 75, 76, 77, 80, 81, 82, 84, 85, 88, 89, 90, 92, 94, 97, 98, 99, 101, 102, 103, 109], "summary": {"covered_lines": 70, "num_statements": 70, "percent_covered": 97.87234042553192, "percent_covered_display": "98", "missing_lines": 0, "excluded_lines": 0, "num_branches": 24, "num_partial_branches": 2, "covered_branches": 22, "missing_branches": 2}, "missing_lines": [], "excluded_lines": [], "executed_branches": [[30, 31], [30, 38], [56, 57], [56, 59], [59, 60], [59, 61], [61, 62], [61, 63], [63, 64], [63, 65], [66, -51], [66, 67], [75, 76], [75, 77], [84, 85], [85, -85], [85, -80], [85, 85], [92, 94], [94, -94], [94, -88], [94, 94], [102, 103], [102, 109]], "missing_branches": [[84, -84], [92, -92]]}, "src/pytest_sort/plugin.py": {"executed_lines": [], "summary": {"covered_lines": 0, "num_statements": 66, "percent_covered": 0.0, "percent_covered_display": "0", "missing_lines": 66, "excluded_lines": 0, "num_branches": 14, "num_partial_branches": 0, "covered_branches": 0, "missing_branches": 14}, "missing_lines": [3, 5, 6, 8, 10, 11, 12, 14, 15, 18, 20, 22, 29, 30, 31, 33, 34, 35, 36, 38, 42, 43, 44, 45, 47, 48, 49, 51, 52, 53, 54, 56, 57, 59, 60, 62, 63, 64, 66, 69, 71, 76, 82, 84, 86, 88, 89, 91, 94, 100, 102, 103, 105, 108, 109, 111, 112, 114, 115, 117, 119, 122, 128, 129, 131, 132], "excluded_lines": [], "executed_branches": [], "missing_branches": [[14, 15], [14, 18], [88, 89], [88, 91], [102, 103], [102, 105], [111, 112], [111, 119], [114, 115], [114, 117], [128, 129], [128, 131], [131, -122], [131, 132]]}}, "totals": {"covered_lines": 287, "num_statements": 365, "percent_covered": 79.35871743486975, "percent_covered_display": "79", "missing_lines": 78, "excluded_lines": 0, "num_branches": 134, "num_partial_branches": 11, "covered_branches": 109, "missing_branches": 25}}